City_ID,City,Coounty,Date,Lat,Lng,Max Temp,Humidity,Cloudiness,Wind Speed
0,saint george,US,2020-11-07 22:30:45,37.1,-113.58,59.0,19,1,26.4
1,kontagora,NG,2020-11-07 22:30:15,10.4,5.47,73.11,32,14,3.6
2,puerto ayora,EC,2020-11-07 22:31:08,-0.74,-90.35,77.0,65,20,20.8
3,saint-georges,GD,2020-11-07 22:33:20,12.06,-61.75,82.4,83,20,18.34
4,rikitea,PF,2020-11-07 22:32:34,-23.12,-134.97,71.64,70,40,15.77
5,kurumkan,RU,2020-11-07 22:34:09,54.3,110.3,15.24,78,67,1.05
6,busselton,AU,2020-11-07 22:29:39,-33.65,115.33,55.0,66,31,2.33
7,norman wells,CA,2020-11-07 22:33:34,65.28,-126.83,28.4,100,75,3.36
8,camana,PE,2020-11-07 22:33:24,-16.62,-72.71,64.24,75,73,3.94
9,bluff,NZ,2020-11-07 22:32:49,-46.6,168.33,53.01,57,20,5.99
10,khani,GE,2020-11-07 22:33:16,41.96,42.96,53.6,87,90,12.75
11,kaduna,NG,2020-11-07 22:32:46,10.52,7.44,71.15,27,58,5.79
12,mataura,NZ,2020-11-07 22:32:49,-46.19,168.86,53.01,57,39,5.99
13,okhotsk,RU,2020-11-07 22:32:48,59.38,143.3,10.08,89,93,14.99
14,jamestown,US,2020-11-07 22:32:49,42.1,-79.24,62.6,42,1,4.7
15,zilupe,LV,2020-11-07 22:34:11,56.39,28.12,49.39,90,100,11.7
16,kapuskasing,CA,2020-11-07 22:34:11,49.42,-82.43,37.4,93,100,3.36
17,praia,CV,2020-11-07 22:34:11,14.92,-23.51,78.8,78,0,13.87
18,atuona,PF,2020-11-07 22:34:12,-9.8,-139.03,77.81,74,52,12.8
19,port elizabeth,ZA,2020-11-07 22:32:36,-33.92,25.57,62.6,93,0,8.05
20,airai,TL,2020-11-07 22:32:37,-8.93,125.41,71.83,44,69,3.47
21,arua,UG,2020-11-07 22:34:12,3.02,30.91,63.23,91,59,2.75
22,liuhe,CN,2020-11-07 22:34:12,42.24,125.72,25.72,80,0,8.77
23,saint-philippe,RE,2020-11-07 22:32:41,-21.36,55.77,73.4,77,0,6.93
24,tuktoyaktuk,CA,2020-11-07 22:32:52,69.45,-133.04,26.6,86,75,24.16
25,ushuaia,AR,2020-11-07 22:28:28,-54.8,-68.3,57.2,54,40,9.17
26,narsaq,GL,2020-11-07 22:33:55,60.92,-46.05,28.4,74,100,2.24
27,belyy yar,RU,2020-11-07 22:34:13,53.6,91.39,24.8,92,40,1.95
28,kangaba,ML,2020-11-07 22:34:13,11.93,-8.42,76.93,23,0,3.89
29,sabha,LY,2020-11-07 22:34:13,27.04,14.43,59.04,59,0,7.94
30,otane,NZ,2020-11-07 22:34:14,-39.88,176.63,73.9,50,47,9.46
31,punta arenas,CL,2020-11-07 22:32:35,-53.15,-70.92,57.2,58,40,32.21
32,middle island,US,2020-11-07 22:34:14,40.88,-72.94,63.0,59,1,6.93
33,longyearbyen,SJ,2020-11-07 22:34:14,78.22,15.64,28.4,79,96,4.74
34,kruisfontein,ZA,2020-11-07 22:33:20,-34.0,24.73,57.99,88,0,1.01
35,shimoda,JP,2020-11-07 22:33:52,34.67,138.95,69.82,58,97,14.14
36,talnakh,RU,2020-11-07 22:32:44,69.49,88.4,17.6,92,75,22.37
37,ocos,GT,2020-11-07 22:33:14,14.51,-92.19,84.2,83,75,11.41
38,hermanus,ZA,2020-11-07 22:32:51,-34.42,19.23,59.0,90,11,1.99
39,kahului,US,2020-11-07 22:29:50,20.89,-156.47,87.8,52,40,17.22
40,kourou,GF,2020-11-07 22:34:15,5.16,-52.65,78.8,100,0,2.24
41,victoria,HK,2020-11-07 22:28:55,22.29,114.16,77.0,47,33,11.01
42,arraial do cabo,BR,2020-11-07 22:33:01,-22.97,-42.03,73.4,78,75,5.82
43,castro,BR,2020-11-07 22:28:44,-24.79,-50.01,66.29,54,0,3.51
44,north bend,US,2020-11-07 22:34:16,43.41,-124.22,53.01,76,90,16.11
45,abay,KZ,2020-11-07 22:34:17,49.63,72.85,42.8,38,0,24.61
46,straumen,NO,2020-11-07 22:33:46,63.87,11.3,44.01,93,75,10.29
47,fujin,CN,2020-11-07 22:34:17,47.26,132.03,29.08,95,91,3.62
48,ranong,TH,2020-11-07 22:34:17,9.97,98.63,77.13,87,41,3.8
49,kodiak,US,2020-11-07 22:33:23,57.79,-152.41,42.8,81,90,11.41
50,vaini,TO,2020-11-07 22:34:18,-21.2,-175.2,80.6,69,20,6.93
51,port alfred,ZA,2020-11-07 22:32:47,-33.59,26.89,68.23,87,8,11.95
52,mokhotlong,LS,2020-11-07 22:34:18,-29.29,29.07,57.85,43,9,8.72
53,zaragoza,ES,2020-11-07 22:34:18,41.66,-0.88,59.0,72,40,3.36
54,lompoc,US,2020-11-07 22:31:31,34.64,-120.46,57.2,67,75,16.11
55,touros,BR,2020-11-07 22:34:19,-5.2,-35.46,80.6,83,40,10.29
56,pevek,RU,2020-11-07 22:32:56,69.7,170.31,16.14,96,100,2.3
57,amahai,ID,2020-11-07 22:32:51,-3.33,128.92,82.99,92,100,3.2
58,albany,US,2020-11-07 22:30:02,42.6,-73.97,62.01,49,90,3.76
59,phuket,TH,2020-11-07 22:34:19,8.0,98.25,84.0,94,40,7.81
60,new norfolk,AU,2020-11-07 22:33:12,-42.78,147.06,57.0,45,5,1.99
61,east london,ZA,2020-11-07 22:32:46,-33.02,27.91,69.93,75,0,12.62
62,ribeira grande,PT,2020-11-07 22:33:03,38.52,-28.7,59.0,77,40,10.29
63,ponazyrevo,RU,2020-11-07 22:34:19,58.36,46.31,36.34,88,90,11.1
64,grafton,US,2020-11-07 22:30:32,42.21,-71.69,64.4,45,1,8.05
65,qaanaaq,GL,2020-11-07 22:33:02,77.48,-69.36,-12.33,70,0,8.9
66,bethel,US,2020-11-07 22:33:06,41.37,-73.41,64.0,51,1,4.27
67,vila velha,BR,2020-11-07 22:32:47,-20.33,-40.29,77.0,83,90,4.7
68,fortuna,US,2020-11-07 22:33:20,40.6,-124.16,55.0,62,75,23.04
69,zhezkazgan,KZ,2020-11-07 22:33:33,47.8,67.71,48.04,44,96,11.36
70,ust-tsilma,RU,2020-11-07 22:33:39,65.44,52.15,31.75,98,97,4.0
71,caravelas,BR,2020-11-07 22:34:21,-17.71,-39.25,74.98,92,1,5.19
72,lebu,CL,2020-11-07 22:33:20,-37.62,-73.65,54.43,73,0,22.68
73,vuktyl,RU,2020-11-07 22:34:21,63.86,57.31,30.67,98,100,8.68
74,rosetta,EG,2020-11-07 22:34:21,31.4,30.42,66.2,82,40,4.7
75,meybod,IR,2020-11-07 22:34:21,32.25,54.02,55.4,16,0,2.24
76,ponta do sol,PT,2020-11-07 22:32:48,32.67,-17.1,64.4,72,20,2.24
77,portland,US,2020-11-07 22:34:21,45.52,-122.68,48.99,81,90,5.82
78,cape town,ZA,2020-11-07 22:32:50,-33.93,18.42,61.0,87,75,16.11
79,chuy,UY,2020-11-07 22:32:58,-33.7,-53.46,60.28,93,8,6.69
80,sainte-rose,GP,2020-11-07 22:34:22,16.33,-61.7,80.6,78,45,4.7
81,rio gallegos,AR,2020-11-07 22:34:22,-51.62,-69.22,66.2,32,40,24.16
82,georgetown,MY,2020-11-07 22:29:26,5.41,100.34,78.8,94,20,3.36
83,iqaluit,CA,2020-11-07 22:32:43,63.75,-68.51,10.4,72,75,4.7
84,lavrentiya,RU,2020-11-07 22:33:14,65.58,-171.0,29.59,95,54,7.85
85,gua,IN,2020-11-07 22:34:23,22.2,85.38,57.31,64,0,1.12
86,nikolskoye,RU,2020-11-07 22:34:23,59.7,30.79,48.2,81,90,15.66
87,chokurdakh,RU,2020-11-07 22:34:23,70.63,147.92,1.69,95,100,5.53
88,deputatskiy,RU,2020-11-07 22:34:23,69.3,139.9,-4.97,93,98,3.29
89,hilo,US,2020-11-07 22:32:11,19.73,-155.09,77.0,88,90,5.82
90,kingman,US,2020-11-07 22:31:04,35.19,-114.05,62.01,24,40,24.16
91,san andres,CO,2020-11-07 22:34:24,12.58,-81.7,86.0,74,40,5.82
92,kapaa,US,2020-11-07 22:32:46,22.08,-159.32,82.4,83,40,12.75
93,hualmay,PE,2020-11-07 22:32:52,-11.1,-77.61,63.46,80,60,8.21
94,canico,PT,2020-11-07 22:34:24,32.63,-16.85,64.4,72,20,2.24
95,yakeshi,CN,2020-11-07 22:30:04,49.28,120.73,4.24,91,0,5.61
96,hit,IQ,2020-11-07 22:34:25,33.64,42.83,66.16,50,78,9.51
97,bathsheba,BB,2020-11-07 22:33:11,13.22,-59.52,80.6,83,40,17.22
98,meulaboh,ID,2020-11-07 22:33:57,4.14,96.13,75.92,84,100,3.06
99,karratha,AU,2020-11-07 22:33:42,-20.74,116.85,76.06,53,0,9.19
100,butaritari,KI,2020-11-07 22:33:04,3.07,172.79,81.34,72,92,11.63
101,ranfurly,NZ,2020-11-07 22:34:25,-45.13,170.1,42.01,89,99,8.57
102,avarua,CK,2020-11-07 22:28:16,-21.21,-159.78,77.0,78,89,5.82
103,luderitz,NA,2020-11-07 22:33:03,-26.65,15.16,61.79,86,0,5.55
104,noyabrsk,RU,2020-11-07 22:32:06,63.2,75.45,33.17,97,100,13.33
105,kravare,CZ,2020-11-07 22:34:26,49.93,18.0,45.0,100,0,3.0
106,chifeng,CN,2020-11-07 22:34:26,42.27,118.96,24.04,66,0,5.28
107,oneida,US,2020-11-07 22:34:26,43.2,-75.47,64.4,52,1,3.91
108,hobart,AU,2020-11-07 22:32:47,-42.88,147.33,57.0,57,20,8.05
109,shenjiamen,CN,2020-11-07 22:34:27,29.96,122.3,64.6,71,79,14.72
110,beyneu,KZ,2020-11-07 22:33:24,45.32,55.2,44.96,64,74,15.39
111,gambiran,ID,2020-11-07 22:34:27,-6.8,111.5,76.14,86,5,4.65
112,tasiilaq,GL,2020-11-07 22:32:46,65.61,-37.64,28.4,74,63,11.41
113,goalpara,IN,2020-11-07 22:34:27,26.17,90.62,63.81,82,2,4.34
114,komsomolskiy,UZ,2020-11-07 22:34:27,40.43,71.72,48.2,59,70,1.79
115,wattens,AT,2020-11-07 22:34:28,47.27,11.6,42.01,93,0,2.24
116,chardara,KZ,2020-11-07 22:34:28,41.25,67.97,63.79,28,52,14.47
117,baraboo,US,2020-11-07 22:29:29,43.47,-89.74,68.0,48,1,10.29
118,nouadhibou,MR,2020-11-07 22:34:28,20.93,-17.03,73.4,64,0,13.87
119,atar,MR,2020-11-07 22:34:28,20.52,-13.05,85.3,18,16,10.27
120,bambous virieux,MU,2020-11-07 22:32:49,-20.34,57.76,73.4,78,40,5.82
121,quang ngai,VN,2020-11-07 22:34:28,15.12,108.8,71.56,89,44,7.25
122,constitucion,CL,2020-11-07 22:32:51,-35.33,-72.42,59.86,68,0,13.78
123,vertientes,CU,2020-11-07 22:34:29,21.26,-78.15,71.6,94,100,9.17
124,soe,ID,2020-11-07 22:34:29,-9.86,124.28,78.82,44,89,1.25
125,aykhal,RU,2020-11-07 22:34:29,66.0,111.5,-0.4,84,0,4.47
126,kaitangata,NZ,2020-11-07 22:32:46,-46.28,169.85,52.0,47,50,10.0
127,barrow,US,2020-11-07 22:32:50,71.29,-156.79,30.2,86,90,24.16
128,smithers,CA,2020-11-07 22:34:29,54.78,-127.17,35.6,47,5,10.29
129,thompson,CA,2020-11-07 22:29:03,55.74,-97.86,19.4,85,90,2.24
130,gorontalo,ID,2020-11-07 22:34:30,0.54,123.06,78.35,81,100,3.83
131,rexburg,US,2020-11-07 22:34:30,43.83,-111.79,60.8,36,20,12.75
132,port-gentil,GA,2020-11-07 22:32:54,-0.72,8.78,77.0,100,90,5.82
133,notre-dame-du-lac,CA,2020-11-07 22:34:30,47.61,-68.8,44.6,56,99,5.82
134,umarkot,PK,2020-11-07 22:34:30,25.36,69.74,72.97,33,0,4.7
135,kununurra,AU,2020-11-07 22:33:54,-15.77,128.73,77.0,78,40,3.36
136,manuk mangkaw,PH,2020-11-07 22:34:30,4.8,119.85,82.24,74,13,5.37
137,puerto narino,CO,2020-11-07 22:34:31,-3.77,-70.38,80.6,94,75,3.4
138,hasaki,JP,2020-11-07 22:32:48,35.73,140.83,57.2,100,75,2.24
139,camacupa,AO,2020-11-07 22:34:31,-12.02,17.48,64.92,79,99,1.07
140,acarau,BR,2020-11-07 22:34:31,-2.89,-40.12,79.84,76,65,16.11
141,coquimbo,CL,2020-11-07 22:30:02,-29.95,-71.34,59.0,77,0,12.75
142,orlik,RU,2020-11-07 22:34:32,52.52,99.83,15.75,89,34,3.15
143,mackay,AU,2020-11-07 22:30:00,-21.15,149.2,75.2,88,75,24.16
144,souillac,MU,2020-11-07 22:33:13,-20.52,57.52,73.4,78,40,5.82
145,los llanos de aridane,ES,2020-11-07 22:33:18,28.66,-17.92,68.0,64,0,8.05
146,sambir,UA,2020-11-07 22:34:32,49.52,23.2,39.0,100,0,2.24
147,saskylakh,RU,2020-11-07 22:32:53,71.92,114.08,-8.59,89,0,7.72
148,palembang,ID,2020-11-07 22:34:32,-2.92,104.75,74.8,96,96,2.24
149,gravdal,NO,2020-11-07 22:34:32,68.12,13.5,40.03,71,99,16.93
150,luangwa,ZM,2020-11-07 22:34:33,-15.62,30.42,82.92,23,1,0.98
151,yar-sale,RU,2020-11-07 22:33:07,66.83,70.83,24.96,99,92,2.3
152,laguna,US,2020-11-07 22:29:23,38.42,-121.42,63.0,36,1,5.32
153,upernavik,GL,2020-11-07 22:33:19,72.79,-56.15,0.0,78,0,7.49
154,pangai,TO,2020-11-07 22:33:16,-19.8,-174.35,78.8,69,20,10.29
155,synya,RU,2020-11-07 22:34:34,65.37,58.04,30.38,99,100,7.56
156,trapani,IT,2020-11-07 22:34:34,37.83,12.67,64.99,87,0,3.36
157,klyuchi,RU,2020-11-07 22:34:34,52.27,79.17,42.78,60,93,15.73
158,cabo san lucas,MX,2020-11-07 22:33:36,22.89,-109.91,82.99,65,40,4.7
159,hobyo,SO,2020-11-07 22:33:08,5.35,48.53,79.23,80,68,9.78
160,fiumicino,IT,2020-11-07 22:34:34,41.77,12.23,57.0,93,1,2.24
161,cayenne,GF,2020-11-07 22:32:43,4.93,-52.33,78.8,100,0,2.24
162,labuhan,ID,2020-11-07 22:34:34,-6.88,112.21,78.85,80,0,9.1
163,adzope,CI,2020-11-07 22:34:35,6.11,-3.86,73.83,96,99,4.76
164,mahebourg,MU,2020-11-07 22:33:03,-20.41,57.7,73.4,78,40,5.82
165,shively,US,2020-11-07 22:34:35,38.2,-85.82,73.4,40,20,3.36
166,flinders,AU,2020-11-07 22:32:46,-34.58,150.86,64.0,60,35,4.0
167,abha,SA,2020-11-07 22:34:35,18.22,42.51,57.2,62,0,0.47
168,faanui,PF,2020-11-07 22:32:52,-16.48,-151.75,79.2,77,76,10.54
169,mazara del vallo,IT,2020-11-07 22:34:35,37.66,12.59,59.0,87,0,3.36
170,lovozero,RU,2020-11-07 22:34:36,68.0,35.01,32.77,91,87,24.38
171,maragogi,BR,2020-11-07 22:30:02,-9.01,-35.22,77.22,83,16,12.26
172,staroleushkovskaya,RU,2020-11-07 22:34:36,45.99,39.76,48.06,76,78,5.32
173,auki,SB,2020-11-07 22:34:36,-8.77,160.7,86.34,64,67,2.64
174,richards bay,ZA,2020-11-07 22:29:43,-28.78,32.04,71.58,92,1,6.26
175,gheraesti,RO,2020-11-07 22:34:37,47.02,26.82,44.01,85,0,4.0
176,kamenka,RU,2020-11-07 22:34:37,51.32,42.77,37.0,92,1,9.37
177,vilkaviskis,LT,2020-11-07 22:34:37,54.65,23.03,47.39,89,63,10.27
178,iracoubo,GF,2020-11-07 22:34:37,5.48,-53.2,80.44,80,100,14.83
179,byron bay,AU,2020-11-07 22:33:36,-28.65,153.62,66.2,68,90,16.11
180,mitsamiouli,KM,2020-11-07 22:34:37,-11.38,43.28,80.02,72,80,9.71
181,hambantota,LK,2020-11-07 22:33:06,6.12,81.12,78.85,80,1,9.19
182,kavieng,PG,2020-11-07 22:32:41,-2.57,150.8,85.03,66,61,7.38
183,ampanihy,MG,2020-11-07 22:34:38,-24.7,44.75,74.01,55,0,2.28
184,bredasdorp,ZA,2020-11-07 22:32:44,-34.53,20.04,62.6,59,2,12.75
185,umm kaddadah,SD,2020-11-07 22:34:38,13.6,26.69,73.44,27,4,11.97
186,bilma,NE,2020-11-07 22:32:40,18.69,12.92,69.8,35,0,14.14
187,dikson,RU,2020-11-07 22:32:55,73.51,80.55,-2.88,89,89,12.95
188,pierre,US,2020-11-07 22:34:39,44.37,-100.35,60.8,44,1,4.7
189,hithadhoo,MV,2020-11-07 22:31:09,-0.6,73.08,83.53,72,29,7.99
190,pavagada,IN,2020-11-07 22:34:39,14.1,77.27,68.23,96,84,6.35
191,celestun,MX,2020-11-07 22:34:39,20.87,-90.4,79.65,80,77,11.7
192,betsiamites,CA,2020-11-07 22:34:39,48.94,-68.65,37.4,64,90,5.82
193,channagiri,IN,2020-11-07 22:34:39,14.03,75.93,68.47,91,0,9.22
194,esenyurt,TR,2020-11-07 22:34:39,41.03,28.68,61.0,82,90,6.93
195,cairns,AU,2020-11-07 22:33:10,-16.92,145.77,82.4,65,37,6.93
196,ilulissat,GL,2020-11-07 22:32:59,69.22,-51.1,14.0,51,13,9.17
197,arroyo,ES,2020-11-07 22:34:40,41.61,-4.8,50.0,87,20,6.93
198,san cristobal,VE,2020-11-07 22:33:25,7.77,-72.22,80.6,78,75,8.05
199,thunder bay,CA,2020-11-07 22:33:58,48.4,-89.32,43.0,87,90,9.17
200,saint-joseph,RE,2020-11-07 22:32:45,-21.37,55.62,68.0,77,0,6.93
201,sitka,US,2020-11-07 22:29:12,57.05,-135.33,39.2,69,40,6.93
202,vao,NC,2020-11-07 22:32:55,-22.67,167.48,73.58,71,80,11.81
203,launceston,AU,2020-11-07 22:33:58,-41.45,147.17,59.0,62,0,2.24
204,kieta,PG,2020-11-07 22:32:50,-6.22,155.63,85.12,65,19,1.9
205,ingham,US,2020-11-07 22:33:45,42.6,-84.38,68.0,37,1,6.93
206,bodden town,KY,2020-11-07 22:34:41,19.28,-81.25,80.01,87,100,18.01
207,kavaratti,IN,2020-11-07 22:33:08,10.57,72.64,82.69,75,0,8.34
208,fayaoue,NC,2020-11-07 22:34:41,-20.65,166.53,76.59,80,0,15.05
209,tete,MZ,2020-11-07 22:33:09,-16.16,33.59,85.3,26,59,2.75
210,dingle,PH,2020-11-07 22:33:30,11.0,122.67,75.58,87,80,0.31
211,borogontsy,RU,2020-11-07 22:34:42,62.67,131.17,-12.95,90,99,4.29
212,ust-maya,RU,2020-11-07 22:33:34,60.42,134.53,-3.44,91,100,3.71
213,pangnirtung,CA,2020-11-07 22:32:58,66.15,-65.71,4.59,87,96,3.53
214,neryungri,RU,2020-11-07 22:34:42,56.67,124.65,-5.58,89,98,5.37
215,lahij,YE,2020-11-07 22:34:42,13.17,44.58,70.43,83,8,5.39
216,kloulklubed,PW,2020-11-07 22:33:33,7.04,134.26,79.66,87,100,20.65
217,acapulco,MX,2020-11-07 22:32:42,16.86,-99.89,86.0,70,5,8.05
218,ahipara,NZ,2020-11-07 22:34:05,-35.17,173.17,65.12,69,25,12.73
219,ixtapa,MX,2020-11-07 22:34:43,20.7,-105.2,86.0,58,5,11.41
220,carnarvon,AU,2020-11-07 22:34:43,-24.87,113.63,69.8,77,90,14.99
221,bastia,FR,2020-11-07 22:34:43,42.67,9.33,57.99,93,0,4.7
222,codrington,AU,2020-11-07 22:32:41,-38.27,141.97,55.13,72,18,8.59
223,santa vitoria do palmar,BR,2020-11-07 22:29:51,-33.52,-53.37,63.18,85,8,8.52
224,tallahassee,US,2020-11-07 22:32:49,30.44,-84.28,75.2,83,75,8.05
225,xingcheng,CN,2020-11-07 22:34:44,40.62,120.72,34.65,62,0,11.43
226,sioux lookout,CA,2020-11-07 22:31:09,50.1,-91.92,32.0,91,90,8.05
227,menongue,AO,2020-11-07 22:34:44,-14.66,17.69,70.84,54,93,4.12
228,tiksi,RU,2020-11-07 22:34:01,71.69,128.87,-7.37,92,22,2.26
229,sarangani,PH,2020-11-07 22:34:44,5.4,125.46,82.67,76,59,6.91
230,kaeo,NZ,2020-11-07 22:34:44,-35.1,173.78,72.0,68,10,5.99
231,bonavista,CA,2020-11-07 22:33:55,48.65,-53.11,37.99,86,93,3.36
232,ternate,ID,2020-11-07 22:33:03,0.8,127.4,80.51,77,78,6.11
233,bereda,ES,2020-11-07 22:34:03,43.27,-7.54,54.0,100,1,3.49
234,emerald,AU,2020-11-07 22:34:45,-23.53,148.17,75.2,69,90,21.92
235,cabral,DO,2020-11-07 22:34:45,18.25,-71.22,75.2,88,75,6.93
236,savannah bight,HN,2020-11-07 22:34:45,16.45,-85.85,77.0,94,90,5.82
237,prince rupert,CA,2020-11-07 22:34:46,54.32,-130.32,44.6,60,1,12.75
238,lorengau,PG,2020-11-07 22:32:38,-2.02,147.27,84.09,64,100,7.25
239,la ronge,CA,2020-11-07 22:33:29,55.1,-105.28,21.2,79,90,6.93
240,pochutla,MX,2020-11-07 22:34:46,15.74,-96.47,87.8,58,20,4.81
241,suratgarh,IN,2020-11-07 22:34:46,29.32,73.9,62.82,30,0,0.31
242,pop,UZ,2020-11-07 22:34:46,40.87,71.11,48.2,31,86,6.93
243,guerrero negro,MX,2020-11-07 22:33:23,27.98,-114.06,67.59,65,49,20.24
244,birjand,IR,2020-11-07 22:34:47,32.87,59.22,53.6,17,0,13.87
245,west bay,KY,2020-11-07 22:34:47,19.37,-81.42,80.01,82,100,5.01
246,anadyr,RU,2020-11-07 22:34:47,64.75,177.48,21.2,92,40,6.71
247,andrushivka,UA,2020-11-07 22:34:47,50.02,29.02,42.15,95,0,5.77
248,mar del plata,AR,2020-11-07 22:30:00,-38.0,-57.56,64.4,88,0,9.17
249,kommunisticheskiy,RU,2020-11-07 22:32:06,61.68,64.48,31.64,99,94,5.35
250,nhulunbuy,AU,2020-11-07 22:34:47,-12.23,136.77,84.2,74,97,8.05
251,wilmington,US,2020-11-07 22:30:53,34.23,-77.94,73.4,69,1,9.17
252,tecoanapa,MX,2020-11-07 22:34:48,16.52,-98.75,83.1,73,86,6.8
253,matara,LK,2020-11-07 22:31:39,5.95,80.54,76.48,87,0,5.14
254,tezu,IN,2020-11-07 22:34:48,27.92,96.17,65.05,42,0,3.85
255,ulladulla,AU,2020-11-07 22:34:48,-35.35,150.47,61.0,51,40,10.29
256,santa rosa del sur,CO,2020-11-07 22:34:48,7.96,-74.05,71.96,98,79,2.48
257,stawell,AU,2020-11-07 22:34:49,-37.05,142.77,56.16,59,1,4.92
258,barybino,RU,2020-11-07 22:34:49,55.27,37.89,41.0,86,0,8.95
259,provideniya,RU,2020-11-07 22:32:40,64.38,-173.3,28.8,93,12,2.44
260,naze,JP,2020-11-07 22:33:17,28.37,129.48,73.4,88,75,12.75
261,khatanga,RU,2020-11-07 22:32:53,71.97,102.5,-4.5,86,4,13.04
262,meadow lake,US,2020-11-07 22:34:50,34.8,-106.54,72.0,24,75,20.8
263,port blair,IN,2020-11-07 22:33:10,11.67,92.75,81.0,80,0,8.14
264,clyde river,CA,2020-11-07 22:32:54,70.47,-68.59,-7.6,83,5,3.36
265,coahuayana,MX,2020-11-07 22:34:50,18.73,-103.68,84.2,54,40,11.41
266,bridgetown,BB,2020-11-07 22:34:50,13.1,-59.62,80.6,83,40,17.22
267,vanimo,PG,2020-11-07 22:33:08,-2.67,141.3,75.56,90,100,6.04
268,yaan,NG,2020-11-07 22:34:50,7.38,8.57,75.92,54,75,3.2
269,samana,DO,2020-11-07 22:34:51,19.21,-69.34,77.0,94,90,6.02
270,kupang,ID,2020-11-07 22:34:51,-10.17,123.58,83.91,60,76,2.84
271,itarema,BR,2020-11-07 22:33:40,-2.92,-39.92,79.86,76,92,15.14
272,dombarovskiy,RU,2020-11-07 22:34:51,50.76,59.54,37.51,91,100,11.99
273,bom jesus,BR,2020-11-07 22:34:51,-9.07,-44.36,75.6,81,81,2.13
274,lithgow,AU,2020-11-07 22:34:51,-33.48,150.15,46.99,86,87,7.18
275,novyy urengoy,RU,2020-11-07 22:34:51,66.08,76.63,29.84,99,100,5.01
276,san juan,AR,2020-11-07 22:34:52,-31.54,-68.54,83.41,23,26,18.23
277,cerritos,US,2020-11-07 22:30:55,33.86,-118.06,60.8,48,75,8.05
278,wangkui,CN,2020-11-07 22:34:52,46.83,126.5,27.3,95,100,16.71
279,khasan,RU,2020-11-07 22:34:52,42.43,130.64,35.67,70,0,22.88
280,mwingi,KE,2020-11-07 22:34:52,-0.93,38.06,66.97,87,56,3.6
281,whitehorse,CA,2020-11-07 22:34:53,60.72,-135.05,5.0,84,75,9.17
282,yellowknife,CA,2020-11-07 22:32:53,62.46,-114.35,10.4,85,75,4.7
283,mareeba,AU,2020-11-07 22:34:53,-17.0,145.43,82.4,65,15,6.93
284,volksrust,ZA,2020-11-07 22:34:53,-27.37,29.88,62.76,45,5,3.74
285,bedong,MY,2020-11-07 22:34:53,5.73,100.51,77.0,94,20,3.36
286,rubiataba,BR,2020-11-07 22:34:53,-15.16,-49.8,74.19,76,100,3.38
287,salalah,OM,2020-11-07 22:33:11,17.02,54.09,73.4,64,0,3.36
288,canto do buriti,BR,2020-11-07 22:34:53,-8.11,-42.94,80.38,64,62,5.48
289,mahibadhoo,MV,2020-11-07 22:34:54,3.78,72.97,83.3,75,86,9.78
290,leningradskiy,RU,2020-11-07 22:33:31,69.38,178.42,19.11,95,100,10.09
291,wamba,NG,2020-11-07 22:33:08,8.93,8.6,74.98,49,87,3.78
292,biak,ID,2020-11-07 22:34:54,-0.91,122.88,79.05,76,97,7.14
293,alofi,NU,2020-11-07 22:32:45,-19.06,-169.92,78.8,74,25,13.87
294,grand gaube,MU,2020-11-07 22:34:54,-20.01,57.66,71.01,77,48,1.01
295,angoche,MZ,2020-11-07 22:34:55,-16.23,39.91,76.78,82,42,12.19
296,evensk,RU,2020-11-07 22:32:58,61.95,159.23,12.99,90,93,9.95
297,romny,UA,2020-11-07 22:34:55,50.75,33.47,42.69,96,4,6.87
298,chateau-thierry,FR,2020-11-07 22:34:55,49.05,3.4,55.99,88,24,6.2
299,shimanovsk,RU,2020-11-07 22:32:57,52.0,127.7,14.54,89,97,11.92
300,oktyabrskoye,RU,2020-11-07 22:34:55,43.06,44.74,46.4,70,100,11.18
301,hovd,MN,2020-11-07 22:34:55,48.01,91.64,26.73,90,41,0.47
302,margate,GB,2020-11-07 22:32:53,51.38,1.39,53.01,91,65,1.01
303,namatanai,PG,2020-11-07 22:34:56,-3.67,152.43,85.03,65,55,4.85
304,uyar,RU,2020-11-07 22:32:06,55.81,94.32,37.6,84,93,10.89
305,ligayan,PH,2020-11-07 22:34:56,4.65,119.47,82.0,76,42,6.44
306,khvorostyanka,RU,2020-11-07 22:34:56,52.61,48.96,34.74,89,4,10.96
307,sasebo,JP,2020-11-07 22:34:57,33.16,129.72,57.2,87,0,4.7
308,chicama,PE,2020-11-07 22:34:57,-7.84,-79.15,66.2,77,15,10.29
309,arak,IR,2020-11-07 22:34:57,34.09,49.69,45.07,57,98,3.04
310,san patricio,US,2020-11-07 22:34:57,28.02,-97.52,78.8,65,20,16.11
311,jalu,LY,2020-11-07 22:34:57,29.03,21.55,62.19,79,0,11.27
312,klamath falls,US,2020-11-07 22:34:57,42.22,-121.78,41.0,56,40,19.46
313,olafsvik,IS,2020-11-07 22:34:58,64.89,-23.71,41.02,69,74,27.98
314,opunake,NZ,2020-11-07 22:34:58,-39.46,173.86,60.01,89,79,11.99
315,puri,IN,2020-11-07 22:34:58,19.8,85.85,69.8,88,0,8.52
316,sambava,MG,2020-11-07 22:34:58,-14.27,50.17,75.02,85,100,9.82
317,cherskiy,RU,2020-11-07 22:32:53,68.75,161.3,5.0,94,100,6.42
318,santa cruz,BO,2020-11-07 22:30:04,-17.8,-63.17,95.0,39,0,5.82
319,valparaiso,CL,2020-11-07 22:30:22,-33.04,-71.63,57.99,100,75,4.7
320,beloha,MG,2020-11-07 22:34:59,-25.17,45.05,71.96,66,0,5.03
321,kiama,AU,2020-11-07 22:34:59,-34.68,150.87,64.0,60,49,4.0
322,ancud,CL,2020-11-07 22:33:09,-41.87,-73.82,62.6,51,0,8.05
323,quime,BO,2020-11-07 22:34:59,-16.98,-67.22,52.38,65,4,5.21
324,san jose,US,2020-11-07 22:31:51,37.34,-121.89,63.0,36,40,9.17
325,mocuba,MZ,2020-11-07 22:34:59,-16.84,36.99,77.2,61,43,3.51
326,nemuro,JP,2020-11-07 22:34:59,43.32,145.57,49.93,71,88,7.36
327,sakaraha,MG,2020-11-07 22:34:59,-22.9,44.53,73.78,50,0,0.63
328,elko,US,2020-11-07 22:35:00,41.0,-115.5,39.0,80,90,12.75
329,takoradi,GH,2020-11-07 22:33:08,4.88,-1.76,78.6,86,99,9.44
330,chake chake,TZ,2020-11-07 22:35:00,-5.25,39.77,77.94,83,64,6.82
331,atlantic city,US,2020-11-07 22:32:08,39.36,-74.42,69.8,46,1,4.7
332,algiers,DZ,2020-11-07 22:31:53,36.75,3.04,68.0,77,40,6.93
333,alyangula,AU,2020-11-07 22:33:00,-13.85,136.42,80.6,94,75,7.63
334,sinnamary,GF,2020-11-07 22:35:01,5.38,-52.95,79.99,81,98,14.32
335,luganville,VU,2020-11-07 22:33:49,-15.53,167.17,84.2,74,75,9.17
336,nanortalik,GL,2020-11-07 22:29:06,60.14,-45.24,32.47,89,100,6.73
337,ostrovnoy,RU,2020-11-07 22:33:21,68.05,39.51,34.5,89,100,21.16
338,tuatapere,NZ,2020-11-07 22:35:01,-46.13,167.68,53.01,57,46,5.99
339,pokosnoye,RU,2020-11-07 22:35:01,55.53,101.05,35.58,97,100,9.08
340,mpongwe,ZM,2020-11-07 22:35:01,-13.51,28.16,69.75,28,14,3.67
341,vangaindrano,MG,2020-11-07 22:35:02,-23.35,47.6,71.58,89,28,6.31
342,monrovia,LR,2020-11-07 22:35:02,6.3,-10.8,77.0,94,20,8.12
343,nishinomiya,JP,2020-11-07 22:34:35,34.72,135.33,60.8,100,40,3.36
344,veraval,IN,2020-11-07 22:35:02,20.9,70.37,77.22,44,0,10.65
345,pascagoula,US,2020-11-07 22:33:23,30.37,-88.56,78.8,65,20,5.82
346,kochevo,RU,2020-11-07 22:35:02,59.6,54.31,32.25,96,85,7.29
347,wodonga,AU,2020-11-07 22:30:53,-36.12,146.88,60.01,62,0,4.7
348,severodvinsk,RU,2020-11-07 22:35:03,64.56,39.83,39.2,86,90,17.9
349,sol-iletsk,RU,2020-11-07 22:35:03,51.16,54.99,36.72,81,78,16.46
350,mayo,US,2020-11-07 22:31:55,38.89,-76.51,64.0,82,1,3.36
351,port moresby,PG,2020-11-07 22:31:46,-9.44,147.18,77.0,88,75,40.26
352,vagur,FO,2020-11-07 22:35:03,61.47,-6.81,45.86,67,95,12.88
353,xingtai,CN,2020-11-07 22:35:03,37.06,114.49,43.66,47,0,5.08
354,shache,CN,2020-11-07 22:35:04,38.42,77.24,30.61,87,6,2.15
355,canete,CL,2020-11-07 22:35:05,-37.8,-73.4,57.07,65,0,9.55
356,mnogovershinnyy,RU,2020-11-07 22:35:05,53.94,139.92,16.79,96,100,4.61
357,sonoita,MX,2020-11-07 22:35:05,31.85,-112.83,66.0,35,5,5.01
358,talaya,RU,2020-11-07 22:35:06,61.38,152.75,-2.22,90,100,3.87
359,seymchan,RU,2020-11-07 22:33:07,62.88,152.43,-0.99,91,100,7.02
360,kangaatsiaq,GL,2020-11-07 22:33:49,68.31,-53.46,17.08,84,26,6.91
361,camapua,BR,2020-11-07 22:35:06,-19.53,-54.04,82.98,38,6,1.45
362,mugumu,TZ,2020-11-07 22:35:06,-1.85,34.7,65.26,66,65,3.18
363,bulgan,MN,2020-11-07 22:35:06,48.81,103.53,27.23,87,0,3.2
364,zabid,YE,2020-11-07 22:35:06,14.2,43.32,78.87,64,13,3.15
365,gogrial,SS,2020-11-07 22:35:07,8.53,28.1,76.59,41,0,0.98
366,reconquista,AR,2020-11-07 22:35:07,-29.15,-59.65,73.98,55,0,7.56
367,tigzirt,DZ,2020-11-07 22:35:07,36.89,4.12,68.59,55,16,8.7
368,mosquera,CO,2020-11-07 22:35:07,4.71,-74.23,59.0,62,75,8.05
369,bambanglipuro,ID,2020-11-07 22:32:54,-7.95,110.28,79.09,79,71,2.51
370,isangel,VU,2020-11-07 22:32:57,-19.55,169.27,82.4,83,75,5.82
371,buala,SB,2020-11-07 22:33:23,-8.14,159.59,85.73,69,71,5.41
372,torbay,CA,2020-11-07 22:33:16,47.67,-52.73,42.8,81,75,23.04
373,soyo,AO,2020-11-07 22:35:08,-6.13,12.37,77.92,86,99,8.23
374,comarapa,BO,2020-11-07 22:35:08,-17.9,-64.48,65.66,51,0,4.45
375,haines junction,CA,2020-11-07 22:35:08,60.75,-137.51,1.4,64,91,0.67
376,okha,RU,2020-11-07 22:35:08,53.57,142.95,25.38,94,74,9.51
377,ornskoldsvik,SE,2020-11-07 22:35:09,63.29,18.72,35.6,75,48,3.36
378,saint-francois,FR,2020-11-07 22:33:10,46.42,3.91,60.8,67,0,11.41
379,surt,LY,2020-11-07 22:35:09,31.21,16.59,69.26,65,13,8.46
380,presidencia roque saenz pena,AR,2020-11-07 22:35:09,-26.79,-60.44,81.28,37,62,5.28
381,dudinka,RU,2020-11-07 22:32:07,69.41,86.18,17.6,92,75,22.37
382,abu dhabi,AE,2020-11-07 22:33:37,24.47,54.37,78.8,61,0,3.36
383,samarai,PG,2020-11-07 22:35:10,-10.62,150.67,81.99,80,26,8.48
384,morant bay,JM,2020-11-07 22:35:10,17.88,-76.41,75.99,94,75,18.34
385,tahe,CN,2020-11-07 22:33:50,52.33,124.73,7.23,89,60,7.31
386,berlevag,NO,2020-11-07 22:33:22,70.86,29.09,39.22,74,88,30.38
387,taurage,LT,2020-11-07 22:35:10,55.25,22.29,49.62,89,100,9.04
388,yining,CN,2020-11-07 22:32:48,29.04,114.56,51.69,67,0,1.21
389,bud,US,2020-11-07 22:35:11,39.45,-86.18,68.0,40,1,3.36
390,poum,NC,2020-11-07 22:32:47,-20.23,164.02,77.31,76,10,15.08
391,husavik,IS,2020-11-07 22:33:09,66.04,-17.34,46.4,45,75,11.41
392,ulety,RU,2020-11-07 22:35:11,51.36,112.48,9.28,91,23,3.98
393,kedrovyy,RU,2020-11-07 22:35:12,56.17,91.82,46.4,65,0,8.95
394,ucluelet,CA,2020-11-07 22:29:15,48.93,-125.55,51.8,40,20,10.29
395,pemangkat,ID,2020-11-07 22:33:28,1.17,108.97,77.09,87,97,5.03
396,idritsa,RU,2020-11-07 22:35:12,56.33,28.9,49.51,93,99,10.58
397,altamira,BR,2020-11-07 22:32:02,-3.2,-52.21,87.8,62,20,3.36
398,fort nelson,CA,2020-11-07 22:33:25,58.81,-122.7,14.0,78,75,2.24
399,lingao,CN,2020-11-07 22:35:12,19.91,109.69,72.73,79,0,8.08
400,beringovskiy,RU,2020-11-07 22:32:52,63.05,179.32,30.11,93,91,9.84
401,urucui,BR,2020-11-07 22:35:13,-7.23,-44.56,81.5,63,26,3.33
402,rancho palos verdes,US,2020-11-07 22:35:13,33.74,-118.39,59.0,62,75,17.22
403,bria,CF,2020-11-07 22:35:13,6.54,21.99,71.26,84,97,2.17
404,rio tuba,PH,2020-11-07 22:35:13,8.51,117.43,80.22,79,100,5.1
405,teya,RU,2020-11-07 22:35:13,60.38,92.63,37.99,86,100,11.23
406,labuan,MY,2020-11-07 22:35:13,5.28,115.24,77.0,94,20,9.71
407,ishigaki,JP,2020-11-07 22:35:13,24.34,124.16,75.2,100,40,8.05
408,gravelbourg,CA,2020-11-07 22:35:14,49.88,-106.55,30.2,86,100,8.05
409,aklavik,CA,2020-11-07 22:32:54,68.22,-135.01,30.2,58,40,4.7
410,jidong,CN,2020-11-07 22:35:14,45.22,131.08,28.04,87,100,20.18
411,boca do acre,BR,2020-11-07 22:35:14,-8.75,-67.4,79.79,69,42,1.43
412,izumo,JP,2020-11-07 22:35:14,35.37,132.77,53.6,93,75,8.05
413,wanning,CN,2020-11-07 22:33:13,18.8,110.4,71.42,81,0,10.67
414,naples,IT,2020-11-07 22:33:01,40.83,14.25,60.8,81,0,1.12
415,hervey bay,AU,2020-11-07 22:34:25,-25.3,152.85,77.0,55,16,5.99
416,bridlington,GB,2020-11-07 22:35:15,54.08,-0.19,44.01,100,90,2.24
417,huntsville,US,2020-11-07 22:35:15,34.73,-86.59,70.0,88,90,3.36
418,slave lake,CA,2020-11-07 22:35:15,55.28,-114.77,21.2,73,40,18.34
419,belle fourche,US,2020-11-07 22:35:15,44.67,-103.85,75.0,25,1,11.41
420,marrakesh,MA,2020-11-07 22:35:16,31.63,-8.01,62.6,67,0,5.82
421,bhusawal,IN,2020-11-07 22:35:16,21.05,75.77,65.59,45,0,5.46
422,san quintin,MX,2020-11-07 22:33:17,30.48,-115.95,65.03,55,2,20.49
423,chapais,CA,2020-11-07 22:32:37,49.78,-74.85,32.0,98,90,5.82
424,bella vista,US,2020-11-07 22:35:16,36.43,-94.23,73.4,46,20,11.41
425,payo,ID,2020-11-07 22:35:16,-3.75,103.64,71.83,92,88,2.1
426,simao,CN,2020-11-07 22:35:17,22.79,100.97,56.44,95,1,1.95
427,namibe,AO,2020-11-07 22:32:52,-15.2,12.15,69.91,67,11,10.18
428,pimampiro,EC,2020-11-07 22:35:17,0.4,-77.97,63.14,71,83,1.32
429,ryotsu,JP,2020-11-07 22:35:17,38.08,138.43,62.6,51,75,12.75
430,praia da vitoria,PT,2020-11-07 22:32:44,38.73,-27.07,60.8,72,75,15.28
431,balagon,PH,2020-11-07 22:35:17,8.01,123.24,71.02,94,80,1.43
432,moussoro,TD,2020-11-07 22:35:18,13.64,16.49,76.68,29,1,12.15
433,miri,MY,2020-11-07 22:33:19,4.41,114.01,77.0,100,40,3.36
434,benguela,AO,2020-11-07 22:33:11,-12.58,13.41,76.01,72,63,5.53
435,elizabeth city,US,2020-11-07 22:33:48,36.29,-76.25,68.0,77,1,6.93
436,batagay,RU,2020-11-07 22:35:19,67.63,134.63,-26.82,84,75,1.43
437,bhainsa,IN,2020-11-07 22:35:20,26.95,76.9,64.53,28,0,1.72
438,nagar karnul,IN,2020-11-07 22:35:20,16.48,78.32,69.06,91,7,7.9
439,zanjan,IR,2020-11-07 22:35:20,36.67,48.48,48.36,69,70,8.1
440,ust-kuyga,RU,2020-11-07 22:35:21,70.02,135.6,-22.65,85,100,4.97
441,san luis,AR,2020-11-07 22:33:06,-33.3,-66.34,74.61,33,41,8.5
442,moen,NO,2020-11-07 22:35:22,69.13,18.61,33.8,86,100,21.92
443,saldanha,ZA,2020-11-07 22:32:42,-33.01,17.94,60.8,87,3,12.75
444,staryy nadym,RU,2020-11-07 22:35:22,65.61,72.68,32.13,99,100,3.78
445,pisco,PE,2020-11-07 22:32:48,-13.7,-76.22,66.99,77,75,5.82
446,muisne,EC,2020-11-07 22:35:22,0.6,-80.03,75.22,83,100,8.28
447,ruteng,ID,2020-11-07 22:35:22,-8.61,120.47,68.94,75,100,0.65
448,riyadh,SA,2020-11-07 22:31:41,24.69,46.72,68.0,37,0,2.24
449,nagapattinam,IN,2020-11-07 22:35:23,10.77,79.83,78.06,87,81,7.81
450,perth,AU,2020-11-07 22:35:23,-31.93,115.83,66.0,93,20,5.82
451,cidreira,BR,2020-11-07 22:33:08,-30.18,-50.21,67.86,84,27,16.04
452,narimanov,RU,2020-11-07 22:35:23,46.69,47.85,41.0,93,75,13.42
453,spirovo,RU,2020-11-07 22:35:23,57.42,34.98,45.97,84,53,14.72
454,baghdad,IQ,2020-11-07 22:35:23,33.34,44.4,68.0,52,0,9.17
455,prainha,BR,2020-11-07 22:35:24,-1.8,-53.48,80.83,72,74,2.37
456,changchun,CN,2020-11-07 22:35:24,43.88,125.32,26.6,53,0,8.95
457,ceyhan,TR,2020-11-07 22:35:24,37.02,35.82,62.6,42,0,11.41
458,garden city,US,2020-11-07 22:35:18,42.33,-83.33,68.0,45,20,8.05
459,sergeyevka,KZ,2020-11-07 22:35:24,53.88,67.42,42.69,82,100,16.02
460,povenets,RU,2020-11-07 22:35:24,62.85,34.83,40.41,69,69,16.28
461,batticaloa,LK,2020-11-07 22:35:24,7.71,81.69,79.12,81,43,3.8
462,tilaran,CR,2020-11-07 22:35:25,10.47,-84.97,78.8,88,75,5.82
463,kokorevka,RU,2020-11-07 22:35:25,52.59,34.28,42.89,97,5,8.01
464,hay river,CA,2020-11-07 22:35:25,60.82,-115.8,8.6,71,74,3.36
465,bowmore,US,2020-11-07 22:36:41,34.94,-79.3,75.2,60,1,6.93
466,mao,ES,2020-11-07 22:36:41,39.89,4.27,64.4,93,0,5.82
467,maoming,CN,2020-11-07 22:36:41,21.65,110.9,69.13,71,0,5.53
468,caacupe,PY,2020-11-07 22:36:41,-25.38,-57.15,93.2,21,27,5.82
469,san jeronimo,PE,2020-11-07 22:36:41,-11.95,-75.28,54.63,64,93,3.2
470,venancio aires,BR,2020-11-07 22:36:42,-29.61,-52.19,67.37,79,14,6.11
471,necochea,AR,2020-11-07 22:36:42,-38.55,-58.74,57.0,85,0,7.0
472,kushiro,JP,2020-11-07 22:36:42,42.98,144.37,44.6,93,75,5.82
473,trairi,BR,2020-11-07 22:36:42,-3.28,-39.27,79.75,74,1,10.67
474,buraydah,SA,2020-11-07 22:33:15,26.33,43.98,68.0,94,75,4.7
475,karoi,ZW,2020-11-07 22:36:42,-16.81,29.69,74.03,27,15,3.85
476,areia branca,BR,2020-11-07 22:33:56,-4.96,-37.14,82.49,68,99,20.67
477,uige,AO,2020-11-07 22:36:43,-7.61,15.06,67.89,96,100,0.43
478,amapa,BR,2020-11-07 22:33:39,1.0,-52.0,75.99,84,72,3.98
479,adrar,MR,2020-11-07 22:33:55,20.5,-10.07,84.15,18,37,7.27
480,ihosy,MG,2020-11-07 22:36:43,-22.4,46.12,69.04,84,46,6.73
481,broome,US,2020-11-07 22:33:21,42.25,-75.83,62.6,45,1,3.36
482,ulsteinvik,NO,2020-11-07 22:36:43,62.34,5.85,43.0,93,90,3.36
483,makakilo city,US,2020-11-07 22:32:48,21.35,-158.09,84.2,66,90,5.82
484,tilichiki,RU,2020-11-07 22:32:55,60.47,166.1,18.79,92,0,8.28
485,port lincoln,AU,2020-11-07 22:33:40,-34.73,135.87,63.54,64,50,16.58
486,weyburn,CA,2020-11-07 22:36:25,49.67,-103.85,32.0,73,100,19.46
487,vostok,RU,2020-11-07 22:33:10,46.49,135.88,23.72,98,97,0.67
488,robat karim,IR,2020-11-07 22:36:44,35.48,51.08,62.6,47,40,6.93
489,saint-augustin,CA,2020-11-07 22:36:30,51.23,-58.65,31.73,89,0,17.31
490,nador,MA,2020-11-07 22:36:45,35.17,-2.93,60.8,82,0,2.66
491,mogadishu,SO,2020-11-07 22:35:58,2.04,45.34,79.5,81,100,6.93
492,verkhnyaya inta,RU,2020-11-07 22:33:16,65.98,60.31,28.45,98,100,8.21
493,burgersdorp,ZA,2020-11-07 22:36:45,-31.0,26.33,63.1,38,0,8.7
494,visby,SE,2020-11-07 22:36:45,57.64,18.3,50.0,93,95,12.75
495,lerwick,GB,2020-11-07 22:36:45,60.15,-1.15,42.8,93,49,2.77
496,lagoa,PT,2020-11-07 22:32:49,39.05,-27.98,61.23,75,1,17.69
497,camaqua,BR,2020-11-07 22:36:46,-30.85,-51.81,64.02,87,91,6.33
498,paracuru,BR,2020-11-07 22:36:46,-3.41,-39.03,82.4,69,0,12.75
499,walvis bay,NA,2020-11-07 22:33:49,-22.96,14.51,60.01,87,0,4.7
500,saint-gilles,FR,2020-11-07 22:36:46,43.68,4.43,60.8,87,100,12.75
501,ibra,OM,2020-11-07 22:36:46,22.69,58.53,65.25,88,0,2.26
502,luanda,AO,2020-11-07 22:35:19,-8.84,13.23,78.8,83,75,6.93
503,santa lucia,ES,2020-11-07 22:36:47,27.91,-15.54,69.8,77,20,2.68
504,voh,NC,2020-11-07 22:36:47,-20.97,164.7,81.81,59,10,11.52
505,kenai,US,2020-11-07 22:35:13,60.55,-151.26,26.01,85,90,14.99
506,buchanan,LR,2020-11-07 22:36:47,5.88,-10.05,77.0,94,20,7.7
507,forestville,US,2020-11-07 22:36:47,38.85,-76.88,68.0,45,1,3.36
508,sao joao da barra,BR,2020-11-07 22:32:55,-21.64,-41.05,73.4,78,75,9.17
509,quatre cocos,MU,2020-11-07 22:36:47,-20.21,57.76,73.4,78,40,5.82
510,redmond,US,2020-11-07 22:32:52,47.67,-122.12,43.0,85,81,6.24
511,carmen,MX,2020-11-07 22:35:51,18.63,-91.83,82.4,78,40,10.29
512,burnie,AU,2020-11-07 22:30:51,-41.07,145.92,55.06,67,3,8.57
513,ossora,RU,2020-11-07 22:33:37,59.24,163.07,27.93,86,66,4.5
514,biltine,TD,2020-11-07 22:36:48,14.53,20.92,74.08,21,0,7.7
515,mehamn,NO,2020-11-07 22:32:39,71.04,27.85,38.95,74,89,28.86
516,bobo dioulasso,BF,2020-11-07 22:36:48,11.18,-4.3,77.0,50,0,2.24
517,tabuk,PH,2020-11-07 22:36:48,17.42,121.44,75.25,90,100,1.72
518,manggar,ID,2020-11-07 22:36:49,-2.88,108.27,80.76,77,87,4.7
519,severo-kurilsk,RU,2020-11-07 22:32:58,50.68,156.12,36.0,78,13,3.27
520,lyubech,UA,2020-11-07 22:36:49,51.7,30.66,42.3,98,28,7.34
521,alice springs,AU,2020-11-07 22:36:49,-23.7,133.88,69.8,18,46,5.82
522,mongo,TD,2020-11-07 22:36:49,12.18,18.69,77.67,23,20,6.78
523,urla,TR,2020-11-07 22:36:49,38.32,26.76,57.2,58,0,16.11
524,mount isa,AU,2020-11-07 22:30:47,-20.73,139.5,84.2,11,4,10.29
525,huron,US,2020-11-07 22:36:50,41.15,-82.55,61.0,59,0,7.43
526,praya,CV,2020-11-07 22:34:11,14.92,-23.51,78.8,78,0,13.87
527,santa cruz del norte,CU,2020-11-07 22:36:50,23.15,-81.92,78.8,100,75,6.93
528,porto belo,BR,2020-11-07 22:33:04,-27.16,-48.55,69.8,77,0,6.93
529,kaseda,JP,2020-11-07 22:36:51,31.42,130.32,60.8,87,90,3.36
530,banda aceh,ID,2020-11-07 22:34:10,5.56,95.32,77.74,80,98,3.8
531,waipawa,NZ,2020-11-07 22:36:51,-41.41,175.52,55.4,76,100,35.57
532,ndioum,SN,2020-11-07 22:36:51,16.51,-14.65,91.4,41,0,9.13
533,bengkulu,ID,2020-11-07 22:32:53,-3.8,102.27,75.78,84,75,4.0
534,petatlan,MX,2020-11-07 22:36:52,17.52,-101.27,87.8,62,5,11.41
535,cabadiangan,PH,2020-11-07 22:36:52,9.75,122.47,77.43,85,100,1.92
536,mazatlan,MX,2020-11-07 22:36:52,23.22,-106.42,87.8,55,5,9.17
537,stornoway,GB,2020-11-07 22:33:00,58.21,-6.39,44.6,87,0,4.7
538,trelew,AR,2020-11-07 22:36:52,-43.25,-65.31,65.64,40,92,21.99
539,palmer,US,2020-11-07 22:32:48,42.16,-72.33,68.0,40,40,9.17
540,nanticoke,US,2020-11-07 22:36:53,41.21,-76.0,61.0,47,1,2.68
541,betong,TH,2020-11-07 22:36:53,5.77,101.07,70.93,94,71,1.77
542,suntar,RU,2020-11-07 22:36:53,62.14,117.63,-6.48,90,7,4.5
543,wake forest,US,2020-11-07 22:33:41,35.98,-78.51,68.0,87,0,3.78
544,homa bay,KE,2020-11-07 22:36:53,-0.53,34.46,68.0,94,75,6.93
545,tromso,NO,2020-11-07 22:36:54,69.65,18.96,33.8,87,90,19.46
546,nishihara,JP,2020-11-07 22:36:54,26.18,127.76,75.2,100,1,4.7
547,mikun,RU,2020-11-07 22:36:54,62.35,50.08,33.12,96,100,9.48
548,sola,VU,2020-11-07 22:36:54,-13.88,167.55,81.63,80,36,12.01
549,severobaykalsk,RU,2020-11-07 22:36:54,55.65,109.32,13.96,93,100,4.88
550,shingu,JP,2020-11-07 22:36:54,33.73,135.98,62.49,85,100,4.43
551,roald,NO,2020-11-07 22:33:58,62.58,6.13,44.01,93,90,3.36
552,arrifes,PT,2020-11-07 22:36:55,37.77,-25.7,59.0,72,20,5.82
553,prado,BR,2020-11-07 22:36:55,-17.34,-39.22,75.47,92,15,6.58
554,cap malheureux,MU,2020-11-07 22:36:55,-19.98,57.61,71.01,77,41,1.01
555,skjervoy,NO,2020-11-07 22:36:55,70.03,20.97,37.71,79,100,38.32
556,ormara,PK,2020-11-07 22:36:55,25.21,64.64,75.81,46,0,5.03
